id,text,threat,category
1,Click the link to verify your account.,1,phishing
2,Confirm your login credentials now.,1,phishing
3,Your account will be blocked. Verify your password immediately.,1,phishing
4,Your account will be blocked. Verify your password immediately.,1,phishing
5,Confirm your login credentials now.,1,phishing
6,Click the link to verify your account.,1,phishing
7,Your online account will be suspended unless verified.,1,phishing
8,Urgent account verification is required.,1,phishing
9,Your account will be blocked. Verify your password immediately.,1,phishing
10,Confirm your login credentials now.,1,phishing
11,Your online account will be suspended unless verified.,1,phishing
12,Your online account will be suspended unless verified.,1,phishing
13,Your online account will be suspended unless verified.,1,phishing
14,Your account security check is pending.,1,phishing
15,Click the link to verify your account.,1,phishing
16,Your account will be blocked. Verify your password immediately.,1,phishing
17,Confirm your login credentials now.,1,phishing
18,Your online account will be suspended unless verified.,1,phishing
19,Urgent account verification is required.,1,phishing
20,Urgent account verification is required.,1,phishing
21,Verify your account immediately using the provided link.,1,phishing
22,Your online account will be suspended unless verified.,1,phishing
23,Urgent account verification is required.,1,phishing
24,Your account will be blocked. Verify your password immediately.,1,phishing
25,Click the link to verify your account.,1,phishing
26,Click the link to verify your account.,1,phishing
27,Confirm your login credentials now.,1,phishing
28,Urgent account verification is required.,1,phishing
29,Your bank account needs urgent verification.,1,phishing
30,Urgent account verification is required.,1,phishing
31,Verify your account immediately using the provided link.,1,phishing
32,Your bank account needs urgent verification.,1,phishing
33,Verify your account immediately using the provided link.,1,phishing
34,Your online account will be suspended unless verified.,1,phishing
35,Your online account will be suspended unless verified.,1,phishing
36,Confirm your login credentials now.,1,phishing
37,Verify your account immediately using the provided link.,1,phishing
38,Confirm your login credentials now.,1,phishing
39,Your account will be blocked. Verify your password immediately.,1,phishing
40,Urgent account verification is required.,1,phishing
41,Your bank account needs urgent verification.,1,phishing
42,Your bank account needs urgent verification.,1,phishing
43,Confirm your login credentials now.,1,phishing
44,Urgent account verification is required.,1,phishing
45,Click the link to verify your account.,1,phishing
46,Your bank account needs urgent verification.,1,phishing
47,Click the link to verify your account.,1,phishing
48,Urgent account verification is required.,1,phishing
49,Click the link to verify your account.,1,phishing
50,Your account will be blocked. Verify your password immediately.,1,phishing
51,Verify your account immediately using the provided link.,1,phishing
52,Your online account will be suspended unless verified.,1,phishing
53,Your online account will be suspended unless verified.,1,phishing
54,Confirm your login credentials now.,1,phishing
55,Your account will be blocked. Verify your password immediately.,1,phishing
56,Your bank account needs urgent verification.,1,phishing
57,Confirm your login credentials now.,1,phishing
58,Confirm your login credentials now.,1,phishing
59,Your online account will be suspended unless verified.,1,phishing
60,Urgent account verification is required.,1,phishing
61,Your bank account needs urgent verification.,1,phishing
62,Confirm your login credentials now.,1,phishing
63,Your bank account needs urgent verification.,1,phishing
64,Verify your account immediately using the provided link.,1,phishing
65,Urgent account verification is required.,1,phishing
66,Your bank account needs urgent verification.,1,phishing
67,Click the link to verify your account.,1,phishing
68,Confirm your login credentials now.,1,phishing
69,Click the link to verify your account.,1,phishing
70,Urgent account verification is required.,1,phishing
71,Your account will be blocked. Verify your password immediately.,1,phishing
72,Click the link to verify your account.,1,phishing
73,Confirm your login credentials now.,1,phishing
74,Confirm your login credentials now.,1,phishing
75,Your online account will be suspended unless verified.,1,phishing
76,Urgent account verification is required.,1,phishing
77,Your online account will be suspended unless verified.,1,phishing
78,Confirm your login credentials now.,1,phishing
79,Verify your account immediately using the provided link.,1,phishing
80,Confirm your login credentials now.,1,phishing
81,Your online account will be suspended unless verified.,1,phishing
82,Your online account will be suspended unless verified.,1,phishing
83,Urgent account verification is required.,1,phishing
84,Your account will be blocked. Verify your password immediately.,1,phishing
85,Verify your account immediately using the provided link.,1,phishing
86,Your account security check is pending.,1,phishing
87,Confirm your login credentials now.,1,phishing
88,Your account will be blocked. Verify your password immediately.,1,phishing
89,Urgent account verification is required.,1,phishing
90,Your bank account needs urgent verification.,1,phishing
91,Your account will be blocked. Verify your password immediately.,1,phishing
92,Confirm your login credentials now.,1,phishing
93,Your account will be blocked. Verify your password immediately.,1,phishing
94,Click the link to verify your account.,1,phishing
95,Your online account will be suspended unless verified.,1,phishing
96,Your online account will be suspended unless verified.,1,phishing
97,Confirm your login credentials now.,1,phishing
98,Click the link to verify your account.,1,phishing
99,Verify your account immediately using the provided link.,1,phishing
100,Your online account will be suspended unless verified.,1,phishing
101,Urgent account verification is required.,1,phishing
102,Your online account will be suspended unless verified.,1,phishing
103,Your account security check is pending.,1,phishing
104,Verify your account immediately using the provided link.,1,phishing
105,Your account security check is pending.,1,phishing
106,Your account security check is pending.,1,phishing
107,Urgent account verification is required.,1,phishing
108,Click the link to verify your account.,1,phishing
109,Your account security check is pending.,1,phishing
110,Verify your account immediately using the provided link.,1,phishing
111,Your online account will be suspended unless verified.,1,phishing
112,Confirm your login credentials now.,1,phishing
113,Verify your account immediately using the provided link.,1,phishing
114,Your account will be blocked. Verify your password immediately.,1,phishing
115,Your online account will be suspended unless verified.,1,phishing
116,Urgent account verification is required.,1,phishing
117,Your account security check is pending.,1,phishing
118,Confirm your login credentials now.,1,phishing
119,Your account security check is pending.,1,phishing
120,Urgent account verification is required.,1,phishing
121,Verify your account immediately using the provided link.,1,phishing
122,Your account will be blocked. Verify your password immediately.,1,phishing
123,Your online account will be suspended unless verified.,1,phishing
124,Verify your account immediately using the provided link.,1,phishing
125,Your account will be blocked. Verify your password immediately.,1,phishing
126,Your bank account needs urgent verification.,1,phishing
127,Your account security check is pending.,1,phishing
128,Your online account will be suspended unless verified.,1,phishing
129,Your online account will be suspended unless verified.,1,phishing
130,Your account will be blocked. Verify your password immediately.,1,phishing
131,Your bank account needs urgent verification.,1,phishing
132,Confirm your login credentials now.,1,phishing
133,Click the link to verify your account.,1,phishing
134,Confirm your login credentials now.,1,phishing
135,Your online account will be suspended unless verified.,1,phishing
136,Your online account will be suspended unless verified.,1,phishing
137,Urgent account verification is required.,1,phishing
138,Your account will be blocked. Verify your password immediately.,1,phishing
139,Your bank account needs urgent verification.,1,phishing
140,Click the link to verify your account.,1,phishing
141,Confirm your login credentials now.,1,phishing
142,Your account will be blocked. Verify your password immediately.,1,phishing
143,Verify your account immediately using the provided link.,1,phishing
144,Urgent account verification is required.,1,phishing
145,Your bank account needs urgent verification.,1,phishing
146,Urgent account verification is required.,1,phishing
147,Your online account will be suspended unless verified.,1,phishing
148,Urgent account verification is required.,1,phishing
149,Click the link to verify your account.,1,phishing
150,Your online account will be suspended unless verified.,1,phishing
151,Confirm your login credentials now.,1,phishing
152,Confirm your login credentials now.,1,phishing
153,Verify your account immediately using the provided link.,1,phishing
154,Your online account will be suspended unless verified.,1,phishing
155,Your online account will be suspended unless verified.,1,phishing
156,Your bank account needs urgent verification.,1,phishing
157,Your online account will be suspended unless verified.,1,phishing
158,Click the link to verify your account.,1,phishing
159,Verify your account immediately using the provided link.,1,phishing
160,Your bank account needs urgent verification.,1,phishing
161,Click the link to verify your account.,1,phishing
162,Urgent account verification is required.,1,phishing
163,Confirm your login credentials now.,1,phishing
164,Verify your account immediately using the provided link.,1,phishing
165,Your account security check is pending.,1,phishing
166,Confirm your login credentials now.,1,phishing
167,Your account will be blocked. Verify your password immediately.,1,phishing
168,Confirm your login credentials now.,1,phishing
169,Confirm your login credentials now.,1,phishing
170,Your online account will be suspended unless verified.,1,phishing
171,Click the link to verify your account.,1,phishing
172,Your online account will be suspended unless verified.,1,phishing
173,Your online account will be suspended unless verified.,1,phishing
174,Your account security check is pending.,1,phishing
175,Your account security check is pending.,1,phishing
176,Verify your account immediately using the provided link.,1,phishing
177,Your online account will be suspended unless verified.,1,phishing
178,Your account security check is pending.,1,phishing
179,Your bank account needs urgent verification.,1,phishing
180,Your bank account needs urgent verification.,1,phishing
181,Verify your account immediately using the provided link.,1,phishing
182,Your bank account needs urgent verification.,1,phishing
183,Verify your account immediately using the provided link.,1,phishing
184,Your account will be blocked. Verify your password immediately.,1,phishing
185,Your account security check is pending.,1,phishing
186,Your online account will be suspended unless verified.,1,phishing
187,Verify your account immediately using the provided link.,1,phishing
188,Verify your account immediately using the provided link.,1,phishing
189,Click the link to verify your account.,1,phishing
190,Your online account will be suspended unless verified.,1,phishing
191,Your account will be blocked. Verify your password immediately.,1,phishing
192,Click the link to verify your account.,1,phishing
193,Your account security check is pending.,1,phishing
194,Urgent account verification is required.,1,phishing
195,Your online account will be suspended unless verified.,1,phishing
196,Urgent account verification is required.,1,phishing
197,Your online account will be suspended unless verified.,1,phishing
198,Your account will be blocked. Verify your password immediately.,1,phishing
199,Click the link to verify your account.,1,phishing
200,Verify your account immediately using the provided link.,1,phishing
201,Click the link to verify your account.,1,phishing
202,Urgent account verification is required.,1,phishing
203,Your online account will be suspended unless verified.,1,phishing
204,Confirm your login credentials now.,1,phishing
205,Your account security check is pending.,1,phishing
206,Verify your account immediately using the provided link.,1,phishing
207,Urgent account verification is required.,1,phishing
208,Your account security check is pending.,1,phishing
209,Verify your account immediately using the provided link.,1,phishing
210,Your account security check is pending.,1,phishing
211,Your online account will be suspended unless verified.,1,phishing
212,Your account will be blocked. Verify your password immediately.,1,phishing
213,Urgent account verification is required.,1,phishing
214,Your bank account needs urgent verification.,1,phishing
215,Confirm your login credentials now.,1,phishing
216,Your bank account needs urgent verification.,1,phishing
217,Urgent account verification is required.,1,phishing
218,Verify your account immediately using the provided link.,1,phishing
219,Urgent account verification is required.,1,phishing
220,Urgent account verification is required.,1,phishing
221,Your online account will be suspended unless verified.,1,phishing
222,Click the link to verify your account.,1,phishing
223,Confirm your login credentials now.,1,phishing
224,Your account will be blocked. Verify your password immediately.,1,phishing
225,Your account will be blocked. Verify your password immediately.,1,phishing
226,Your account security check is pending.,1,phishing
227,Your account will be blocked. Verify your password immediately.,1,phishing
228,Confirm your login credentials now.,1,phishing
229,Your account security check is pending.,1,phishing
230,Your account security check is pending.,1,phishing
231,Verify your account immediately using the provided link.,1,phishing
232,Click the link to verify your account.,1,phishing
233,Your bank account needs urgent verification.,1,phishing
234,Verify your account immediately using the provided link.,1,phishing
235,Click the link to verify your account.,1,phishing
236,Click the link to verify your account.,1,phishing
237,Click the link to verify your account.,1,phishing
238,Urgent account verification is required.,1,phishing
239,Verify your account immediately using the provided link.,1,phishing
240,Your bank account needs urgent verification.,1,phishing
241,Your online account will be suspended unless verified.,1,phishing
242,Click the link to verify your account.,1,phishing
243,Your bank account needs urgent verification.,1,phishing
244,Your online account will be suspended unless verified.,1,phishing
245,Confirm your login credentials now.,1,phishing
246,Your online account will be suspended unless verified.,1,phishing
247,Confirm your login credentials now.,1,phishing
248,Your account will be blocked. Verify your password immediately.,1,phishing
249,Your online account will be suspended unless verified.,1,phishing
250,Confirm your login credentials now.,1,phishing
251,Claim your reward by clicking the link.,1,scam
252,You have won a lottery prize.,1,scam
253,Claim your unexpected bonus today.,1,scam
254,Pay a small fee to receive your prize.,1,scam
255,"Congratulations, you have won a free gift.",1,scam
256,You have been selected for a reward.,1,scam
257,"Congratulations, you have won a free gift.",1,scam
258,Claim your unexpected bonus today.,1,scam
259,"Congratulations, you have won a free gift.",1,scam
260,You are selected for a special cash reward.,1,scam
261,You have been selected for a reward.,1,scam
262,Claim your unexpected bonus today.,1,scam
263,You have won a lottery prize.,1,scam
264,You are selected for a special cash reward.,1,scam
265,You have been selected for a reward.,1,scam
266,Pay a small fee to receive your prize.,1,scam
267,"Congratulations, you have won a free gift.",1,scam
268,"Congratulations, you have won a free gift.",1,scam
269,"Congratulations, you won a prize.",1,scam
270,You have been selected for a reward.,1,scam
271,"Congratulations, you have won a free gift.",1,scam
272,"Congratulations, you won a prize.",1,scam
273,"Congratulations, you won a prize.",1,scam
274,Claim your unexpected bonus today.,1,scam
275,"Congratulations, you have won a free gift.",1,scam
276,You are selected for a special cash reward.,1,scam
277,Pay a small fee to receive your prize.,1,scam
278,You are selected for a special cash reward.,1,scam
279,You are selected for a special cash reward.,1,scam
280,"Congratulations, you have won a free gift.",1,scam
281,Claim your reward by clicking the link.,1,scam
282,You have won a lottery prize.,1,scam
283,"Congratulations, you won a prize.",1,scam
284,"Congratulations, you have won a free gift.",1,scam
285,Claim your unexpected bonus today.,1,scam
286,"Congratulations, you won a prize.",1,scam
287,Pay a small fee to receive your prize.,1,scam
288,Claim your reward by clicking the link.,1,scam
289,You have won a lottery prize.,1,scam
290,"Congratulations, you have won a free gift.",1,scam
291,Pay a small fee to receive your prize.,1,scam
292,You have been selected for a reward.,1,scam
293,Claim your reward by clicking the link.,1,scam
294,You are selected for a special cash reward.,1,scam
295,Claim your reward by clicking the link.,1,scam
296,Pay a small fee to receive your prize.,1,scam
297,"Congratulations, you have won a free gift.",1,scam
298,Claim your reward by clicking the link.,1,scam
299,"Congratulations, you have won a free gift.",1,scam
300,Claim your unexpected bonus today.,1,scam
301,"Congratulations, you have won a free gift.",1,scam
302,Pay a small fee to receive your prize.,1,scam
303,You have won a lottery prize.,1,scam
304,Claim your unexpected bonus today.,1,scam
305,You have won a lottery prize.,1,scam
306,Claim your reward by clicking the link.,1,scam
307,You are selected for a special cash reward.,1,scam
308,You have been selected for a reward.,1,scam
309,Pay a small fee to receive your prize.,1,scam
310,You have won a lottery prize.,1,scam
311,You have been selected for a reward.,1,scam
312,"Congratulations, you won a prize.",1,scam
313,"Congratulations, you have won a free gift.",1,scam
314,You have won a lottery prize.,1,scam
315,Claim your unexpected bonus today.,1,scam
316,Pay a small fee to receive your prize.,1,scam
317,"Congratulations, you have won a free gift.",1,scam
318,You have been selected for a reward.,1,scam
319,Pay a small fee to receive your prize.,1,scam
320,You have won a lottery prize.,1,scam
321,You are selected for a special cash reward.,1,scam
322,Claim your unexpected bonus today.,1,scam
323,"Congratulations, you won a prize.",1,scam
324,Pay a small fee to receive your prize.,1,scam
325,You are selected for a special cash reward.,1,scam
326,You have won a lottery prize.,1,scam
327,Claim your unexpected bonus today.,1,scam
328,"Congratulations, you have won a free gift.",1,scam
329,You have been selected for a reward.,1,scam
330,You have won a lottery prize.,1,scam
331,Claim your reward by clicking the link.,1,scam
332,"Congratulations, you won a prize.",1,scam
333,"Congratulations, you won a prize.",1,scam
334,"Congratulations, you have won a free gift.",1,scam
335,Claim your unexpected bonus today.,1,scam
336,You have won a lottery prize.,1,scam
337,You have won a lottery prize.,1,scam
338,You are selected for a special cash reward.,1,scam
339,Claim your reward by clicking the link.,1,scam
340,You have been selected for a reward.,1,scam
341,Claim your unexpected bonus today.,1,scam
342,Pay a small fee to receive your prize.,1,scam
343,You have been selected for a reward.,1,scam
344,Claim your reward by clicking the link.,1,scam
345,You have been selected for a reward.,1,scam
346,You have won a lottery prize.,1,scam
347,Claim your unexpected bonus today.,1,scam
348,You have been selected for a reward.,1,scam
349,"Congratulations, you have won a free gift.",1,scam
350,"Congratulations, you won a prize.",1,scam
351,Pay a small fee to receive your prize.,1,scam
352,You are selected for a special cash reward.,1,scam
353,Claim your unexpected bonus today.,1,scam
354,Claim your unexpected bonus today.,1,scam
355,You are selected for a special cash reward.,1,scam
356,Pay a small fee to receive your prize.,1,scam
357,You have won a lottery prize.,1,scam
358,Pay a small fee to receive your prize.,1,scam
359,Pay a small fee to receive your prize.,1,scam
360,"Congratulations, you won a prize.",1,scam
361,You have been selected for a reward.,1,scam
362,"Congratulations, you have won a free gift.",1,scam
363,You are selected for a special cash reward.,1,scam
364,You have won a lottery prize.,1,scam
365,Claim your unexpected bonus today.,1,scam
366,You have won a lottery prize.,1,scam
367,You are selected for a special cash reward.,1,scam
368,"Congratulations, you won a prize.",1,scam
369,"Congratulations, you won a prize.",1,scam
370,Pay a small fee to receive your prize.,1,scam
371,You are selected for a special cash reward.,1,scam
372,Claim your reward by clicking the link.,1,scam
373,You are selected for a special cash reward.,1,scam
374,You have won a lottery prize.,1,scam
375,You are selected for a special cash reward.,1,scam
376,You are selected for a special cash reward.,1,scam
377,You are selected for a special cash reward.,1,scam
378,Pay a small fee to receive your prize.,1,scam
379,Claim your reward by clicking the link.,1,scam
380,"Congratulations, you won a prize.",1,scam
381,"Congratulations, you have won a free gift.",1,scam
382,Claim your reward by clicking the link.,1,scam
383,Claim your reward by clicking the link.,1,scam
384,"Congratulations, you have won a free gift.",1,scam
385,Claim your reward by clicking the link.,1,scam
386,You have won a lottery prize.,1,scam
387,"Congratulations, you won a prize.",1,scam
388,Claim your reward by clicking the link.,1,scam
389,"Congratulations, you won a prize.",1,scam
390,Pay a small fee to receive your prize.,1,scam
391,You are selected for a special cash reward.,1,scam
392,Pay a small fee to receive your prize.,1,scam
393,"Congratulations, you won a prize.",1,scam
394,Claim your reward by clicking the link.,1,scam
395,"Congratulations, you have won a free gift.",1,scam
396,"Congratulations, you won a prize.",1,scam
397,Claim your reward by clicking the link.,1,scam
398,You have been selected for a reward.,1,scam
399,You have won a lottery prize.,1,scam
400,You have won a lottery prize.,1,scam
401,Claim your unexpected bonus today.,1,scam
402,Claim your unexpected bonus today.,1,scam
403,Pay a small fee to receive your prize.,1,scam
404,You have won a lottery prize.,1,scam
405,Claim your unexpected bonus today.,1,scam
406,You are selected for a special cash reward.,1,scam
407,"Congratulations, you won a prize.",1,scam
408,"Congratulations, you have won a free gift.",1,scam
409,Claim your unexpected bonus today.,1,scam
410,"Congratulations, you won a prize.",1,scam
411,"Congratulations, you won a prize.",1,scam
412,Claim your unexpected bonus today.,1,scam
413,You have been selected for a reward.,1,scam
414,You have been selected for a reward.,1,scam
415,You have won a lottery prize.,1,scam
416,Claim your unexpected bonus today.,1,scam
417,Claim your unexpected bonus today.,1,scam
418,You have won a lottery prize.,1,scam
419,You have won a lottery prize.,1,scam
420,Pay a small fee to receive your prize.,1,scam
421,Claim your reward by clicking the link.,1,scam
422,You have won a lottery prize.,1,scam
423,Claim your reward by clicking the link.,1,scam
424,"Congratulations, you have won a free gift.",1,scam
425,Pay a small fee to receive your prize.,1,scam
426,You have been selected for a reward.,1,scam
427,"Congratulations, you have won a free gift.",1,scam
428,Claim your unexpected bonus today.,1,scam
429,You have been selected for a reward.,1,scam
430,You have won a lottery prize.,1,scam
431,You have won a lottery prize.,1,scam
432,You are selected for a special cash reward.,1,scam
433,You have been selected for a reward.,1,scam
434,Claim your unexpected bonus today.,1,scam
435,You are selected for a special cash reward.,1,scam
436,You have been selected for a reward.,1,scam
437,Pay a small fee to receive your prize.,1,scam
438,Claim your unexpected bonus today.,1,scam
439,You have been selected for a reward.,1,scam
440,You have been selected for a reward.,1,scam
441,You have won a lottery prize.,1,scam
442,Pay a small fee to receive your prize.,1,scam
443,You have been selected for a reward.,1,scam
444,Pay a small fee to receive your prize.,1,scam
445,"Congratulations, you have won a free gift.",1,scam
446,Pay a small fee to receive your prize.,1,scam
447,Claim your reward by clicking the link.,1,scam
448,Claim your unexpected bonus today.,1,scam
449,You have won a lottery prize.,1,scam
450,You have won a lottery prize.,1,scam
451,You have won a lottery prize.,1,scam
452,You have won a lottery prize.,1,scam
453,You have been selected for a reward.,1,scam
454,You have won a lottery prize.,1,scam
455,Pay a small fee to receive your prize.,1,scam
456,Claim your reward by clicking the link.,1,scam
457,"Congratulations, you won a prize.",1,scam
458,Pay a small fee to receive your prize.,1,scam
459,You have won a lottery prize.,1,scam
460,You have been selected for a reward.,1,scam
461,Pay a small fee to receive your prize.,1,scam
462,You have been selected for a reward.,1,scam
463,"Congratulations, you won a prize.",1,scam
464,"Congratulations, you have won a free gift.",1,scam
465,"Congratulations, you have won a free gift.",1,scam
466,Pay a small fee to receive your prize.,1,scam
467,You have won a lottery prize.,1,scam
468,You are selected for a special cash reward.,1,scam
469,Claim your reward by clicking the link.,1,scam
470,Claim your unexpected bonus today.,1,scam
471,You are selected for a special cash reward.,1,scam
472,You have won a lottery prize.,1,scam
473,Pay a small fee to receive your prize.,1,scam
474,Pay a small fee to receive your prize.,1,scam
475,You have won a lottery prize.,1,scam
476,"Congratulations, you have won a free gift.",1,scam
477,You are selected for a special cash reward.,1,scam
478,You have been selected for a reward.,1,scam
479,"Congratulations, you won a prize.",1,scam
480,"Congratulations, you have won a free gift.",1,scam
481,"Congratulations, you won a prize.",1,scam
482,Claim your reward by clicking the link.,1,scam
483,"Congratulations, you have won a free gift.",1,scam
484,"Congratulations, you have won a free gift.",1,scam
485,Pay a small fee to receive your prize.,1,scam
486,Pay a small fee to receive your prize.,1,scam
487,"Congratulations, you won a prize.",1,scam
488,Claim your reward by clicking the link.,1,scam
489,Claim your reward by clicking the link.,1,scam
490,You have been selected for a reward.,1,scam
491,You have won a lottery prize.,1,scam
492,Claim your reward by clicking the link.,1,scam
493,"Congratulations, you won a prize.",1,scam
494,You have won a lottery prize.,1,scam
495,You are selected for a special cash reward.,1,scam
496,You have been selected for a reward.,1,scam
497,You have been selected for a reward.,1,scam
498,Claim your unexpected bonus today.,1,scam
499,Pay a small fee to receive your prize.,1,scam
500,Claim your reward by clicking the link.,1,scam
501,Tell me your account password.,1,credential_theft
502,Provide your OTP to complete verification.,1,credential_theft
503,Tell me your account password.,1,credential_theft
504,Please provide your password for verification.,1,credential_theft
505,Send me your OTP to confirm the transaction.,1,credential_theft
506,Share your login credentials immediately.,1,credential_theft
507,Share your login credentials immediately.,1,credential_theft
508,Send me your OTP to confirm the transaction.,1,credential_theft
509,Please provide your password for verification.,1,credential_theft
510,Provide your OTP to complete verification.,1,credential_theft
511,Give me your login details for verification.,1,credential_theft
512,Share your security code now.,1,credential_theft
513,Give me your login details for verification.,1,credential_theft
514,Give me your login details for verification.,1,credential_theft
515,Share your security code now.,1,credential_theft
516,Provide your OTP to complete verification.,1,credential_theft
517,Send the authentication code to confirm your account.,1,credential_theft
518,Please provide your password for verification.,1,credential_theft
519,Tell me your account password.,1,credential_theft
520,Share your security code now.,1,credential_theft
521,Please provide your password for verification.,1,credential_theft
522,Provide your OTP to complete verification.,1,credential_theft
523,Give me your login details for verification.,1,credential_theft
524,Provide your OTP to complete verification.,1,credential_theft
525,Send me your OTP to confirm the transaction.,1,credential_theft
526,Send the authentication code to confirm your account.,1,credential_theft
527,Share your security code now.,1,credential_theft
528,Send me your OTP to confirm the transaction.,1,credential_theft
529,Send me your OTP to confirm the transaction.,1,credential_theft
530,Send the authentication code to confirm your account.,1,credential_theft
531,Provide your OTP to complete verification.,1,credential_theft
532,Send the authentication code to confirm your account.,1,credential_theft
533,Share your login credentials immediately.,1,credential_theft
534,Provide your OTP to complete verification.,1,credential_theft
535,Provide your OTP to complete verification.,1,credential_theft
536,Tell me your account password.,1,credential_theft
537,Please provide your password for verification.,1,credential_theft
538,Send me your OTP to confirm the transaction.,1,credential_theft
539,Give me your login details for verification.,1,credential_theft
540,Share your security code now.,1,credential_theft
541,Share your login credentials immediately.,1,credential_theft
542,Share your login credentials immediately.,1,credential_theft
543,Share your security code now.,1,credential_theft
544,Send the authentication code to confirm your account.,1,credential_theft
545,Tell me your account password.,1,credential_theft
546,Please provide your password for verification.,1,credential_theft
547,Share your security code now.,1,credential_theft
548,Send me your OTP to confirm the transaction.,1,credential_theft
549,Share your security code now.,1,credential_theft
550,Send me your OTP to confirm the transaction.,1,credential_theft
551,Give me your login details for verification.,1,credential_theft
552,Please provide your password for verification.,1,credential_theft
553,Tell me your account password.,1,credential_theft
554,Share your security code now.,1,credential_theft
555,Share your security code now.,1,credential_theft
556,Share your security code now.,1,credential_theft
557,Provide your OTP to complete verification.,1,credential_theft
558,Please provide your password for verification.,1,credential_theft
559,Share your security code now.,1,credential_theft
560,Send me your OTP to confirm the transaction.,1,credential_theft
561,Tell me your account password.,1,credential_theft
562,Share your login credentials immediately.,1,credential_theft
563,Give me your login details for verification.,1,credential_theft
564,Tell me your account password.,1,credential_theft
565,Please provide your password for verification.,1,credential_theft
566,Share your security code now.,1,credential_theft
567,Please provide your password for verification.,1,credential_theft
568,Send the authentication code to confirm your account.,1,credential_theft
569,Share your security code now.,1,credential_theft
570,Share your security code now.,1,credential_theft
571,Please provide your password for verification.,1,credential_theft
572,Share your security code now.,1,credential_theft
573,Provide your OTP to complete verification.,1,credential_theft
574,Tell me your account password.,1,credential_theft
575,Send the authentication code to confirm your account.,1,credential_theft
576,Tell me your account password.,1,credential_theft
577,Share your login credentials immediately.,1,credential_theft
578,Please provide your password for verification.,1,credential_theft
579,Please provide your password for verification.,1,credential_theft
580,Send the authentication code to confirm your account.,1,credential_theft
581,Tell me your account password.,1,credential_theft
582,Tell me your account password.,1,credential_theft
583,Share your login credentials immediately.,1,credential_theft
584,Send the authentication code to confirm your account.,1,credential_theft
585,Please provide your password for verification.,1,credential_theft
586,Share your login credentials immediately.,1,credential_theft
587,Provide your OTP to complete verification.,1,credential_theft
588,Send the authentication code to confirm your account.,1,credential_theft
589,Share your login credentials immediately.,1,credential_theft
590,Share your login credentials immediately.,1,credential_theft
591,Please provide your password for verification.,1,credential_theft
592,Share your login credentials immediately.,1,credential_theft
593,Give me your login details for verification.,1,credential_theft
594,Give me your login details for verification.,1,credential_theft
595,Give me your login details for verification.,1,credential_theft
596,Tell me your account password.,1,credential_theft
597,Tell me your account password.,1,credential_theft
598,Share your login credentials immediately.,1,credential_theft
599,Give me your login details for verification.,1,credential_theft
600,Please provide your password for verification.,1,credential_theft
601,Give me your login details for verification.,1,credential_theft
602,Give me your login details for verification.,1,credential_theft
603,Provide your OTP to complete verification.,1,credential_theft
604,Provide your OTP to complete verification.,1,credential_theft
605,Send me your OTP to confirm the transaction.,1,credential_theft
606,Tell me your account password.,1,credential_theft
607,Please provide your password for verification.,1,credential_theft
608,Provide your OTP to complete verification.,1,credential_theft
609,Give me your login details for verification.,1,credential_theft
610,Give me your login details for verification.,1,credential_theft
611,Send me your OTP to confirm the transaction.,1,credential_theft
612,Send me your OTP to confirm the transaction.,1,credential_theft
613,Tell me your account password.,1,credential_theft
614,Provide your OTP to complete verification.,1,credential_theft
615,Please provide your password for verification.,1,credential_theft
616,Please provide your password for verification.,1,credential_theft
617,Share your security code now.,1,credential_theft
618,Give me your login details for verification.,1,credential_theft
619,Send me your OTP to confirm the transaction.,1,credential_theft
620,Give me your login details for verification.,1,credential_theft
621,Send the authentication code to confirm your account.,1,credential_theft
622,Tell me your account password.,1,credential_theft
623,Give me your login details for verification.,1,credential_theft
624,Share your login credentials immediately.,1,credential_theft
625,Send me your OTP to confirm the transaction.,1,credential_theft
626,Give me your login details for verification.,1,credential_theft
627,Please provide your password for verification.,1,credential_theft
628,Tell me your account password.,1,credential_theft
629,Please provide your password for verification.,1,credential_theft
630,Share your login credentials immediately.,1,credential_theft
631,Send me your OTP to confirm the transaction.,1,credential_theft
632,Send the authentication code to confirm your account.,1,credential_theft
633,Give me your login details for verification.,1,credential_theft
634,Give me your login details for verification.,1,credential_theft
635,Share your login credentials immediately.,1,credential_theft
636,Tell me your account password.,1,credential_theft
637,Tell me your account password.,1,credential_theft
638,Provide your OTP to complete verification.,1,credential_theft
639,Share your security code now.,1,credential_theft
640,Share your security code now.,1,credential_theft
641,Tell me your account password.,1,credential_theft
642,Send me your OTP to confirm the transaction.,1,credential_theft
643,Tell me your account password.,1,credential_theft
644,Please provide your password for verification.,1,credential_theft
645,Tell me your account password.,1,credential_theft
646,Please provide your password for verification.,1,credential_theft
647,Share your security code now.,1,credential_theft
648,Provide your OTP to complete verification.,1,credential_theft
649,Provide your OTP to complete verification.,1,credential_theft
650,Share your login credentials immediately.,1,credential_theft
651,Tell me your account password.,1,credential_theft
652,Please provide your password for verification.,1,credential_theft
653,Share your login credentials immediately.,1,credential_theft
654,Tell me your account password.,1,credential_theft
655,Provide your OTP to complete verification.,1,credential_theft
656,Share your security code now.,1,credential_theft
657,Share your login credentials immediately.,1,credential_theft
658,Please provide your password for verification.,1,credential_theft
659,Provide your OTP to complete verification.,1,credential_theft
660,Share your security code now.,1,credential_theft
661,Tell me your account password.,1,credential_theft
662,Share your login credentials immediately.,1,credential_theft
663,Please provide your password for verification.,1,credential_theft
664,Share your security code now.,1,credential_theft
665,Tell me your account password.,1,credential_theft
666,Send me your OTP to confirm the transaction.,1,credential_theft
667,Tell me your account password.,1,credential_theft
668,Provide your OTP to complete verification.,1,credential_theft
669,Share your login credentials immediately.,1,credential_theft
670,Send the authentication code to confirm your account.,1,credential_theft
671,Tell me your account password.,1,credential_theft
672,Give me your login details for verification.,1,credential_theft
673,Send the authentication code to confirm your account.,1,credential_theft
674,Send the authentication code to confirm your account.,1,credential_theft
675,Share your login credentials immediately.,1,credential_theft
676,Share your login credentials immediately.,1,credential_theft
677,Please provide your password for verification.,1,credential_theft
678,Provide your OTP to complete verification.,1,credential_theft
679,Please provide your password for verification.,1,credential_theft
680,Send me your OTP to confirm the transaction.,1,credential_theft
681,Tell me your account password.,1,credential_theft
682,Share your login credentials immediately.,1,credential_theft
683,Share your security code now.,1,credential_theft
684,Share your login credentials immediately.,1,credential_theft
685,Share your login credentials immediately.,1,credential_theft
686,Share your login credentials immediately.,1,credential_theft
687,Share your login credentials immediately.,1,credential_theft
688,Give me your login details for verification.,1,credential_theft
689,Send me your OTP to confirm the transaction.,1,credential_theft
690,Share your security code now.,1,credential_theft
691,Tell me your account password.,1,credential_theft
692,Send the authentication code to confirm your account.,1,credential_theft
693,Give me your login details for verification.,1,credential_theft
694,Provide your OTP to complete verification.,1,credential_theft
695,Give me your login details for verification.,1,credential_theft
696,Send the authentication code to confirm your account.,1,credential_theft
697,Send the authentication code to confirm your account.,1,credential_theft
698,Provide your OTP to complete verification.,1,credential_theft
699,Give me your login details for verification.,1,credential_theft
700,Send the authentication code to confirm your account.,1,credential_theft
701,Tell me your account password.,1,credential_theft
702,Give me your login details for verification.,1,credential_theft
703,Give me your login details for verification.,1,credential_theft
704,Provide your OTP to complete verification.,1,credential_theft
705,Share your security code now.,1,credential_theft
706,Share your security code now.,1,credential_theft
707,Share your login credentials immediately.,1,credential_theft
708,Send the authentication code to confirm your account.,1,credential_theft
709,Share your login credentials immediately.,1,credential_theft
710,Provide your OTP to complete verification.,1,credential_theft
711,Send me your OTP to confirm the transaction.,1,credential_theft
712,Give me your login details for verification.,1,credential_theft
713,Tell me your account password.,1,credential_theft
714,Please provide your password for verification.,1,credential_theft
715,Please provide your password for verification.,1,credential_theft
716,Provide your OTP to complete verification.,1,credential_theft
717,Please provide your password for verification.,1,credential_theft
718,Share your login credentials immediately.,1,credential_theft
719,Provide your OTP to complete verification.,1,credential_theft
720,Give me your login details for verification.,1,credential_theft
721,Share your login credentials immediately.,1,credential_theft
722,Share your security code now.,1,credential_theft
723,Please provide your password for verification.,1,credential_theft
724,Send the authentication code to confirm your account.,1,credential_theft
725,Give me your login details for verification.,1,credential_theft
726,Tell me your account password.,1,credential_theft
727,Send me your OTP to confirm the transaction.,1,credential_theft
728,Share your security code now.,1,credential_theft
729,Send me your OTP to confirm the transaction.,1,credential_theft
730,Share your security code now.,1,credential_theft
731,Tell me your account password.,1,credential_theft
732,Send the authentication code to confirm your account.,1,credential_theft
733,Share your security code now.,1,credential_theft
734,Please provide your password for verification.,1,credential_theft
735,Tell me your account password.,1,credential_theft
736,Send the authentication code to confirm your account.,1,credential_theft
737,Send me your OTP to confirm the transaction.,1,credential_theft
738,Tell me your account password.,1,credential_theft
739,Please provide your password for verification.,1,credential_theft
740,Tell me your account password.,1,credential_theft
741,Share your login credentials immediately.,1,credential_theft
742,Share your login credentials immediately.,1,credential_theft
743,Send me your OTP to confirm the transaction.,1,credential_theft
744,Provide your OTP to complete verification.,1,credential_theft
745,Give me your login details for verification.,1,credential_theft
746,Share your login credentials immediately.,1,credential_theft
747,Give me your login details for verification.,1,credential_theft
748,Give me your login details for verification.,1,credential_theft
749,Send me your OTP to confirm the transaction.,1,credential_theft
750,Please provide your password for verification.,1,credential_theft
751,Download this unknown attachment to unlock your account.,1,malware
752,Run the attached file to fix your computer.,1,malware
753,Download this suspicious application.,1,malware
754,Open the attached executable immediately.,1,malware
755,Open this unexpected executable attachment.,1,malware
756,Install this file to receive your update.,1,malware
757,Run the attached file to fix your computer.,1,malware
758,Download this suspicious application.,1,malware
759,Run the attached file to fix your computer.,1,malware
760,Install this file to receive your update.,1,malware
761,Download this unknown attachment to unlock your account.,1,malware
762,Download this suspicious application.,1,malware
763,Open this unexpected executable attachment.,1,malware
764,Download the attached program now.,1,malware
765,Install this file to receive your update.,1,malware
766,Install this file to receive your update.,1,malware
767,Download the attached program now.,1,malware
768,Download this unknown attachment to unlock your account.,1,malware
769,Download this suspicious application.,1,malware
770,Open the attached executable immediately.,1,malware
771,Run the attached file to fix your computer.,1,malware
772,Open this unexpected executable attachment.,1,malware
773,Download this unknown attachment to unlock your account.,1,malware
774,Install this unknown software to continue.,1,malware
775,Download this suspicious application.,1,malware
776,Open this unexpected executable attachment.,1,malware
777,Open the attached executable immediately.,1,malware
778,Install this file to receive your update.,1,malware
779,Install this unknown software to continue.,1,malware
780,Install this file to receive your update.,1,malware
781,Download this unknown attachment to unlock your account.,1,malware
782,Open this unexpected executable attachment.,1,malware
783,Download the attached program now.,1,malware
784,Download this unknown attachment to unlock your account.,1,malware
785,Open this unexpected executable attachment.,1,malware
786,Install this unknown software to continue.,1,malware
787,Run the attached file to fix your computer.,1,malware
788,Download this unknown attachment to unlock your account.,1,malware
789,Install this unknown software to continue.,1,malware
790,Install this file to receive your update.,1,malware
791,Install this unknown software to continue.,1,malware
792,Download this suspicious application.,1,malware
793,Install this file to receive your update.,1,malware
794,Install this unknown software to continue.,1,malware
795,Open the attached executable immediately.,1,malware
796,Download this unknown attachment to unlock your account.,1,malware
797,Install this unknown software to continue.,1,malware
798,Install this unknown software to continue.,1,malware
799,Open the attached executable immediately.,1,malware
800,Download the attached program now.,1,malware
801,Download the attached program now.,1,malware
802,Open the attached executable immediately.,1,malware
803,Open the attached executable immediately.,1,malware
804,Install this file to receive your update.,1,malware
805,Download the attached program now.,1,malware
806,Download this unknown attachment to unlock your account.,1,malware
807,Run the attached file to fix your computer.,1,malware
808,Download this suspicious application.,1,malware
809,Download this unknown attachment to unlock your account.,1,malware
810,Download this suspicious application.,1,malware
811,Download this unknown attachment to unlock your account.,1,malware
812,Install this unknown software to continue.,1,malware
813,Run the attached file to fix your computer.,1,malware
814,Open this unexpected executable attachment.,1,malware
815,Download the attached program now.,1,malware
816,Run the attached file to fix your computer.,1,malware
817,Download this unknown attachment to unlock your account.,1,malware
818,Download this suspicious application.,1,malware
819,Run the attached file to fix your computer.,1,malware
820,Install this unknown software to continue.,1,malware
821,Download this unknown attachment to unlock your account.,1,malware
822,Install this unknown software to continue.,1,malware
823,Run the attached file to fix your computer.,1,malware
824,Install this file to receive your update.,1,malware
825,Install this unknown software to continue.,1,malware
826,Open this unexpected executable attachment.,1,malware
827,Open this unexpected executable attachment.,1,malware
828,Download the attached program now.,1,malware
829,Open this unexpected executable attachment.,1,malware
830,Install this unknown software to continue.,1,malware
831,Open the attached executable immediately.,1,malware
832,Download the attached program now.,1,malware
833,Download the attached program now.,1,malware
834,Install this unknown software to continue.,1,malware
835,Run the attached file to fix your computer.,1,malware
836,Install this file to receive your update.,1,malware
837,Open this unexpected executable attachment.,1,malware
838,Install this file to receive your update.,1,malware
839,Open this unexpected executable attachment.,1,malware
840,Open the attached executable immediately.,1,malware
841,Run the attached file to fix your computer.,1,malware
842,Install this unknown software to continue.,1,malware
843,Install this file to receive your update.,1,malware
844,Install this file to receive your update.,1,malware
845,Install this unknown software to continue.,1,malware
846,Run the attached file to fix your computer.,1,malware
847,Run the attached file to fix your computer.,1,malware
848,Download the attached program now.,1,malware
849,Open this unexpected executable attachment.,1,malware
850,Open the attached executable immediately.,1,malware
851,Download the attached program now.,1,malware
852,Install this unknown software to continue.,1,malware
853,Download the attached program now.,1,malware
854,Download this unknown attachment to unlock your account.,1,malware
855,Install this unknown software to continue.,1,malware
856,Open this unexpected executable attachment.,1,malware
857,Run the attached file to fix your computer.,1,malware
858,Download this unknown attachment to unlock your account.,1,malware
859,Install this file to receive your update.,1,malware
860,Open this unexpected executable attachment.,1,malware
861,Install this unknown software to continue.,1,malware
862,Open the attached executable immediately.,1,malware
863,Download this unknown attachment to unlock your account.,1,malware
864,Open the attached executable immediately.,1,malware
865,Download the attached program now.,1,malware
866,Download this unknown attachment to unlock your account.,1,malware
867,Open the attached executable immediately.,1,malware
868,Install this file to receive your update.,1,malware
869,Download this suspicious application.,1,malware
870,Install this unknown software to continue.,1,malware
871,Install this unknown software to continue.,1,malware
872,Open this unexpected executable attachment.,1,malware
873,Download this unknown attachment to unlock your account.,1,malware
874,Open the attached executable immediately.,1,malware
875,Download the attached program now.,1,malware
876,Install this unknown software to continue.,1,malware
877,Install this unknown software to continue.,1,malware
878,Download the attached program now.,1,malware
879,Install this file to receive your update.,1,malware
880,Open the attached executable immediately.,1,malware
881,Install this unknown software to continue.,1,malware
882,Open this unexpected executable attachment.,1,malware
883,Install this unknown software to continue.,1,malware
884,Run the attached file to fix your computer.,1,malware
885,Download this suspicious application.,1,malware
886,Install this file to receive your update.,1,malware
887,Download this unknown attachment to unlock your account.,1,malware
888,Open the attached executable immediately.,1,malware
889,Download the attached program now.,1,malware
890,Open this unexpected executable attachment.,1,malware
891,Install this file to receive your update.,1,malware
892,Run the attached file to fix your computer.,1,malware
893,Run the attached file to fix your computer.,1,malware
894,Download the attached program now.,1,malware
895,Download this suspicious application.,1,malware
896,Run the attached file to fix your computer.,1,malware
897,Download the attached program now.,1,malware
898,Download this suspicious application.,1,malware
899,Install this file to receive your update.,1,malware
900,Open the attached executable immediately.,1,malware
901,Install this file to receive your update.,1,malware
902,Download the attached program now.,1,malware
903,Open the attached executable immediately.,1,malware
904,Download the attached program now.,1,malware
905,Install this file to receive your update.,1,malware
906,Install this unknown software to continue.,1,malware
907,Install this unknown software to continue.,1,malware
908,Install this file to receive your update.,1,malware
909,Run the attached file to fix your computer.,1,malware
910,Run the attached file to fix your computer.,1,malware
911,Open the attached executable immediately.,1,malware
912,Open the attached executable immediately.,1,malware
913,Install this unknown software to continue.,1,malware
914,Download this suspicious application.,1,malware
915,Install this file to receive your update.,1,malware
916,Download this suspicious application.,1,malware
917,Open the attached executable immediately.,1,malware
918,Download this suspicious application.,1,malware
919,Download the attached program now.,1,malware
920,Download this unknown attachment to unlock your account.,1,malware
921,Install this unknown software to continue.,1,malware
922,Install this unknown software to continue.,1,malware
923,Download the attached program now.,1,malware
924,Open the attached executable immediately.,1,malware
925,Install this file to receive your update.,1,malware
926,Install this file to receive your update.,1,malware
927,Run the attached file to fix your computer.,1,malware
928,Open this unexpected executable attachment.,1,malware
929,Download the attached program now.,1,malware
930,Open this unexpected executable attachment.,1,malware
931,Open this unexpected executable attachment.,1,malware
932,Install this file to receive your update.,1,malware
933,Open the attached executable immediately.,1,malware
934,Install this unknown software to continue.,1,malware
935,Install this file to receive your update.,1,malware
936,Download the attached program now.,1,malware
937,Download the attached program now.,1,malware
938,Install this unknown software to continue.,1,malware
939,Open the attached executable immediately.,1,malware
940,Open the attached executable immediately.,1,malware
941,Open the attached executable immediately.,1,malware
942,Open this unexpected executable attachment.,1,malware
943,Download this unknown attachment to unlock your account.,1,malware
944,Install this file to receive your update.,1,malware
945,Open the attached executable immediately.,1,malware
946,Run the attached file to fix your computer.,1,malware
947,Open the attached executable immediately.,1,malware
948,Open the attached executable immediately.,1,malware
949,Install this unknown software to continue.,1,malware
950,Download this suspicious application.,1,malware
951,Install this unknown software to continue.,1,malware
952,Run the attached file to fix your computer.,1,malware
953,Install this file to receive your update.,1,malware
954,Run the attached file to fix your computer.,1,malware
955,Download this suspicious application.,1,malware
956,Run the attached file to fix your computer.,1,malware
957,Open the attached executable immediately.,1,malware
958,Run the attached file to fix your computer.,1,malware
959,Install this file to receive your update.,1,malware
960,Open the attached executable immediately.,1,malware
961,Open the attached executable immediately.,1,malware
962,Open the attached executable immediately.,1,malware
963,Install this unknown software to continue.,1,malware
964,Download this unknown attachment to unlock your account.,1,malware
965,Download this unknown attachment to unlock your account.,1,malware
966,Install this file to receive your update.,1,malware
967,Download this unknown attachment to unlock your account.,1,malware
968,Run the attached file to fix your computer.,1,malware
969,Download this suspicious application.,1,malware
970,Open this unexpected executable attachment.,1,malware
971,Download this unknown attachment to unlock your account.,1,malware
972,Download the attached program now.,1,malware
973,Run the attached file to fix your computer.,1,malware
974,Run the attached file to fix your computer.,1,malware
975,Download the attached program now.,1,malware
976,Download this suspicious application.,1,malware
977,Open this unexpected executable attachment.,1,malware
978,Run the attached file to fix your computer.,1,malware
979,Download the attached program now.,1,malware
980,Install this file to receive your update.,1,malware
981,Download this unknown attachment to unlock your account.,1,malware
982,Open the attached executable immediately.,1,malware
983,Download the attached program now.,1,malware
984,Open this unexpected executable attachment.,1,malware
985,Download the attached program now.,1,malware
986,Download the attached program now.,1,malware
987,Download this suspicious application.,1,malware
988,Install this unknown software to continue.,1,malware
989,Open the attached executable immediately.,1,malware
990,Install this unknown software to continue.,1,malware
991,Install this unknown software to continue.,1,malware
992,Install this unknown software to continue.,1,malware
993,Open this unexpected executable attachment.,1,malware
994,Open the attached executable immediately.,1,malware
995,Install this unknown software to continue.,1,malware
996,Install this file to receive your update.,1,malware
997,Install this unknown software to continue.,1,malware
998,Download this suspicious application.,1,malware
999,Download the attached program now.,1,malware
1000,Install this file to receive your update.,1,malware
1001,Please review the attached project document.,0,normal
1002,The team meeting will start after lunch.,0,normal
1003,Your appointment is scheduled for tomorrow.,0,normal
1004,Can you share the project report?,0,normal
1005,The assignment deadline is Friday.,0,normal
1006,Please attend the project meeting at 10 AM.,0,normal
1007,Please review the attached project document.,0,normal
1008,Can you send me the class notes?,0,normal
1009,The project presentation is next week.,0,normal
1010,Can you send me the class notes?,0,normal
1011,Your appointment is scheduled for tomorrow.,0,normal
1012,Can you share the project report?,0,normal
1013,The college seminar starts at 11 AM.,0,normal
1014,The project presentation is next week.,0,normal
1015,The college seminar starts at 11 AM.,0,normal
1016,Your appointment is scheduled for tomorrow.,0,normal
1017,Can you share the project report?,0,normal
1018,The team meeting will start after lunch.,0,normal
1019,Please submit your assignment before Friday.,0,normal
1020,The team meeting will start after lunch.,0,normal
1021,The team meeting will start after lunch.,0,normal
1022,Please review the attached project document.,0,normal
1023,The team meeting will start after lunch.,0,normal
1024,Please attend the project meeting at 10 AM.,0,normal
1025,The assignment deadline is Friday.,0,normal
1026,Can you send me the class notes?,0,normal
1027,Please submit your assignment before Friday.,0,normal
1028,The team meeting will start after lunch.,0,normal
1029,Your appointment is scheduled for tomorrow.,0,normal
1030,Your appointment is scheduled for tomorrow.,0,normal
1031,The project presentation is next week.,0,normal
1032,The college seminar starts at 11 AM.,0,normal
1033,Please attend the project meeting at 10 AM.,0,normal
1034,Please attend the project meeting at 10 AM.,0,normal
1035,Please review the attached project document.,0,normal
1036,The team meeting will start after lunch.,0,normal
1037,The project presentation is next week.,0,normal
1038,The team meeting will start after lunch.,0,normal
1039,Please review the attached project document.,0,normal
1040,Please submit your assignment before Friday.,0,normal
1041,Please attend the project meeting at 10 AM.,0,normal
1042,The assignment deadline is Friday.,0,normal
1043,Can you send me the class notes?,0,normal
1044,Can you share the project report?,0,normal
1045,Please review the attached project document.,0,normal
1046,The college seminar starts at 11 AM.,0,normal
1047,Can you send me the class notes?,0,normal
1048,The college seminar starts at 11 AM.,0,normal
1049,Please attend the project meeting at 10 AM.,0,normal
1050,Can you send me the class notes?,0,normal
1051,Please attend the project meeting at 10 AM.,0,normal
1052,The project presentation is next week.,0,normal
1053,Please submit your assignment before Friday.,0,normal
1054,Your appointment is scheduled for tomorrow.,0,normal
1055,The college seminar starts at 11 AM.,0,normal
1056,Please submit your assignment before Friday.,0,normal
1057,Please review the attached project document.,0,normal
1058,The assignment deadline is Friday.,0,normal
1059,Can you send me the class notes?,0,normal
1060,Please submit your assignment before Friday.,0,normal
1061,The team meeting will start after lunch.,0,normal
1062,Please submit your assignment before Friday.,0,normal
1063,Please review the attached project document.,0,normal
1064,The project presentation is next week.,0,normal
1065,The project presentation is next week.,0,normal
1066,The assignment deadline is Friday.,0,normal
1067,Can you share the project report?,0,normal
1068,The assignment deadline is Friday.,0,normal
1069,Can you send me the class notes?,0,normal
1070,The college seminar starts at 11 AM.,0,normal
1071,The college seminar starts at 11 AM.,0,normal
1072,Please submit your assignment before Friday.,0,normal
1073,The college seminar starts at 11 AM.,0,normal
1074,Can you share the project report?,0,normal
1075,Your appointment is scheduled for tomorrow.,0,normal
1076,The project presentation is next week.,0,normal
1077,Please submit your assignment before Friday.,0,normal
1078,Can you send me the class notes?,0,normal
1079,Please submit your assignment before Friday.,0,normal
1080,Please attend the project meeting at 10 AM.,0,normal
1081,Please attend the project meeting at 10 AM.,0,normal
1082,Please attend the project meeting at 10 AM.,0,normal
1083,Can you share the project report?,0,normal
1084,The college seminar starts at 11 AM.,0,normal
1085,The team meeting will start after lunch.,0,normal
1086,Please submit your assignment before Friday.,0,normal
1087,The team meeting will start after lunch.,0,normal
1088,Can you share the project report?,0,normal
1089,The project presentation is next week.,0,normal
1090,Please submit your assignment before Friday.,0,normal
1091,Can you share the project report?,0,normal
1092,The college seminar starts at 11 AM.,0,normal
1093,The project presentation is next week.,0,normal
1094,The college seminar starts at 11 AM.,0,normal
1095,Can you share the project report?,0,normal
1096,Can you send me the class notes?,0,normal
1097,The project presentation is next week.,0,normal
1098,Please review the attached project document.,0,normal
1099,The project presentation is next week.,0,normal
1100,The college seminar starts at 11 AM.,0,normal
1101,Please submit your assignment before Friday.,0,normal
1102,Please submit your assignment before Friday.,0,normal
1103,Please submit your assignment before Friday.,0,normal
1104,The team meeting will start after lunch.,0,normal
1105,The project presentation is next week.,0,normal
1106,Please review the attached project document.,0,normal
1107,The team meeting will start after lunch.,0,normal
1108,Please attend the project meeting at 10 AM.,0,normal
1109,The college seminar starts at 11 AM.,0,normal
1110,The college seminar starts at 11 AM.,0,normal
1111,The assignment deadline is Friday.,0,normal
1112,Can you send me the class notes?,0,normal
1113,The project presentation is next week.,0,normal
1114,Please review the attached project document.,0,normal
1115,Please attend the project meeting at 10 AM.,0,normal
1116,The project presentation is next week.,0,normal
1117,The team meeting will start after lunch.,0,normal
1118,Please review the attached project document.,0,normal
1119,The project presentation is next week.,0,normal
1120,The project presentation is next week.,0,normal
1121,Your appointment is scheduled for tomorrow.,0,normal
1122,Please attend the project meeting at 10 AM.,0,normal
1123,The project presentation is next week.,0,normal
1124,The team meeting will start after lunch.,0,normal
1125,Can you share the project report?,0,normal
1126,Please submit your assignment before Friday.,0,normal
1127,The project presentation is next week.,0,normal
1128,Can you send me the class notes?,0,normal
1129,Can you share the project report?,0,normal
1130,Your appointment is scheduled for tomorrow.,0,normal
1131,Please attend the project meeting at 10 AM.,0,normal
1132,The project presentation is next week.,0,normal
1133,The assignment deadline is Friday.,0,normal
1134,Your appointment is scheduled for tomorrow.,0,normal
1135,Please attend the project meeting at 10 AM.,0,normal
1136,The team meeting will start after lunch.,0,normal
1137,The college seminar starts at 11 AM.,0,normal
1138,Can you send me the class notes?,0,normal
1139,Can you share the project report?,0,normal
1140,Can you send me the class notes?,0,normal
1141,Your appointment is scheduled for tomorrow.,0,normal
1142,Can you send me the class notes?,0,normal
1143,Please submit your assignment before Friday.,0,normal
1144,The project presentation is next week.,0,normal
1145,The team meeting will start after lunch.,0,normal
1146,Please attend the project meeting at 10 AM.,0,normal
1147,Can you share the project report?,0,normal
1148,Please submit your assignment before Friday.,0,normal
1149,Your appointment is scheduled for tomorrow.,0,normal
1150,Please submit your assignment before Friday.,0,normal
1151,The college seminar starts at 11 AM.,0,normal
1152,The team meeting will start after lunch.,0,normal
1153,Please submit your assignment before Friday.,0,normal
1154,Can you send me the class notes?,0,normal
1155,The college seminar starts at 11 AM.,0,normal
1156,Can you share the project report?,0,normal
1157,The team meeting will start after lunch.,0,normal
1158,Please submit your assignment before Friday.,0,normal
1159,The college seminar starts at 11 AM.,0,normal
1160,Please submit your assignment before Friday.,0,normal
1161,The college seminar starts at 11 AM.,0,normal
1162,Please review the attached project document.,0,normal
1163,The project presentation is next week.,0,normal
1164,The team meeting will start after lunch.,0,normal
1165,Your appointment is scheduled for tomorrow.,0,normal
1166,Your appointment is scheduled for tomorrow.,0,normal
1167,Please review the attached project document.,0,normal
1168,Please submit your assignment before Friday.,0,normal
1169,Please review the attached project document.,0,normal
1170,Your appointment is scheduled for tomorrow.,0,normal
1171,Please review the attached project document.,0,normal
1172,Please review the attached project document.,0,normal
1173,Your appointment is scheduled for tomorrow.,0,normal
1174,The team meeting will start after lunch.,0,normal
1175,The college seminar starts at 11 AM.,0,normal
1176,The team meeting will start after lunch.,0,normal
1177,The college seminar starts at 11 AM.,0,normal
1178,Please submit your assignment before Friday.,0,normal
1179,Please review the attached project document.,0,normal
1180,Please review the attached project document.,0,normal
1181,The assignment deadline is Friday.,0,normal
1182,The project presentation is next week.,0,normal
1183,Please submit your assignment before Friday.,0,normal
1184,Can you send me the class notes?,0,normal
1185,Can you send me the class notes?,0,normal
1186,The college seminar starts at 11 AM.,0,normal
1187,Can you share the project report?,0,normal
1188,Please review the attached project document.,0,normal
1189,Please attend the project meeting at 10 AM.,0,normal
1190,Please review the attached project document.,0,normal
1191,The assignment deadline is Friday.,0,normal
1192,The college seminar starts at 11 AM.,0,normal
1193,The team meeting will start after lunch.,0,normal
1194,Please review the attached project document.,0,normal
1195,The team meeting will start after lunch.,0,normal
1196,Your appointment is scheduled for tomorrow.,0,normal
1197,Your appointment is scheduled for tomorrow.,0,normal
1198,Please submit your assignment before Friday.,0,normal
1199,Please review the attached project document.,0,normal
1200,Please submit your assignment before Friday.,0,normal
1201,Please review the attached project document.,0,normal
1202,Can you share the project report?,0,normal
1203,The assignment deadline is Friday.,0,normal
1204,The project presentation is next week.,0,normal
1205,The project presentation is next week.,0,normal
1206,Your appointment is scheduled for tomorrow.,0,normal
1207,Your appointment is scheduled for tomorrow.,0,normal
1208,Please attend the project meeting at 10 AM.,0,normal
1209,Please submit your assignment before Friday.,0,normal
1210,Your appointment is scheduled for tomorrow.,0,normal
1211,Your appointment is scheduled for tomorrow.,0,normal
1212,Please attend the project meeting at 10 AM.,0,normal
1213,The assignment deadline is Friday.,0,normal
1214,Can you send me the class notes?,0,normal
1215,The college seminar starts at 11 AM.,0,normal
1216,The team meeting will start after lunch.,0,normal
1217,The assignment deadline is Friday.,0,normal
1218,Can you share the project report?,0,normal
1219,Please attend the project meeting at 10 AM.,0,normal
1220,Please submit your assignment before Friday.,0,normal
1221,Can you share the project report?,0,normal
1222,Can you send me the class notes?,0,normal
1223,The team meeting will start after lunch.,0,normal
1224,The team meeting will start after lunch.,0,normal
1225,Your appointment is scheduled for tomorrow.,0,normal
1226,Please review the attached project document.,0,normal
1227,The college seminar starts at 11 AM.,0,normal
1228,Please review the attached project document.,0,normal
1229,Please attend the project meeting at 10 AM.,0,normal
1230,The assignment deadline is Friday.,0,normal
1231,The project presentation is next week.,0,normal
1232,Your appointment is scheduled for tomorrow.,0,normal
1233,Please submit your assignment before Friday.,0,normal
1234,Please attend the project meeting at 10 AM.,0,normal
1235,Can you share the project report?,0,normal
1236,Can you send me the class notes?,0,normal
1237,Can you share the project report?,0,normal
1238,Please attend the project meeting at 10 AM.,0,normal
1239,Can you send me the class notes?,0,normal
1240,The team meeting will start after lunch.,0,normal
1241,Can you share the project report?,0,normal
1242,Please review the attached project document.,0,normal
1243,Please attend the project meeting at 10 AM.,0,normal
1244,Please attend the project meeting at 10 AM.,0,normal
1245,Please review the attached project document.,0,normal
1246,The project presentation is next week.,0,normal
1247,The project presentation is next week.,0,normal
1248,The assignment deadline is Friday.,0,normal
1249,The college seminar starts at 11 AM.,0,normal
1250,Please review the attached project document.,0,normal
1251,The team meeting will start after lunch.,0,normal
1252,Please submit your assignment before Friday.,0,normal
1253,Please submit your assignment before Friday.,0,normal
1254,The team meeting will start after lunch.,0,normal
1255,Can you share the project report?,0,normal
1256,Please submit your assignment before Friday.,0,normal
1257,The team meeting will start after lunch.,0,normal
1258,Please review the attached project document.,0,normal
1259,Your appointment is scheduled for tomorrow.,0,normal
1260,The assignment deadline is Friday.,0,normal
1261,The college seminar starts at 11 AM.,0,normal
1262,Can you share the project report?,0,normal
1263,The team meeting will start after lunch.,0,normal
1264,Please review the attached project document.,0,normal
1265,Can you share the project report?,0,normal
1266,Please attend the project meeting at 10 AM.,0,normal
1267,The college seminar starts at 11 AM.,0,normal
1268,Please review the attached project document.,0,normal
1269,The project presentation is next week.,0,normal
1270,Your appointment is scheduled for tomorrow.,0,normal
1271,Can you share the project report?,0,normal
1272,The project presentation is next week.,0,normal
1273,Can you send me the class notes?,0,normal
1274,Can you send me the class notes?,0,normal
1275,Please submit your assignment before Friday.,0,normal
1276,The college seminar starts at 11 AM.,0,normal
1277,The assignment deadline is Friday.,0,normal
1278,Can you send me the class notes?,0,normal
1279,The assignment deadline is Friday.,0,normal
1280,Can you share the project report?,0,normal
1281,Can you share the project report?,0,normal
1282,The team meeting will start after lunch.,0,normal
1283,The college seminar starts at 11 AM.,0,normal
1284,Your appointment is scheduled for tomorrow.,0,normal
1285,Please attend the project meeting at 10 AM.,0,normal
1286,Please review the attached project document.,0,normal
1287,Can you send me the class notes?,0,normal
1288,Your appointment is scheduled for tomorrow.,0,normal
1289,The team meeting will start after lunch.,0,normal
1290,Please review the attached project document.,0,normal
1291,The college seminar starts at 11 AM.,0,normal
1292,Please review the attached project document.,0,normal
1293,The project presentation is next week.,0,normal
1294,The project presentation is next week.,0,normal
1295,Please attend the project meeting at 10 AM.,0,normal
1296,Please review the attached project document.,0,normal
1297,The college seminar starts at 11 AM.,0,normal
1298,Your appointment is scheduled for tomorrow.,0,normal
1299,Please attend the project meeting at 10 AM.,0,normal
1300,The assignment deadline is Friday.,0,normal
1301,The team meeting will start after lunch.,0,normal
1302,Please review the attached project document.,0,normal
1303,Can you share the project report?,0,normal
1304,Can you send me the class notes?,0,normal
1305,Please submit your assignment before Friday.,0,normal
1306,Please review the attached project document.,0,normal
1307,The assignment deadline is Friday.,0,normal
1308,Please review the attached project document.,0,normal
1309,The college seminar starts at 11 AM.,0,normal
1310,The project presentation is next week.,0,normal
1311,Your appointment is scheduled for tomorrow.,0,normal
1312,Your appointment is scheduled for tomorrow.,0,normal
1313,Can you share the project report?,0,normal
1314,The team meeting will start after lunch.,0,normal
1315,Can you share the project report?,0,normal
1316,The team meeting will start after lunch.,0,normal
1317,The project presentation is next week.,0,normal
1318,The college seminar starts at 11 AM.,0,normal
1319,Can you send me the class notes?,0,normal
1320,Please submit your assignment before Friday.,0,normal
1321,The team meeting will start after lunch.,0,normal
1322,Please submit your assignment before Friday.,0,normal
1323,Your appointment is scheduled for tomorrow.,0,normal
1324,Your appointment is scheduled for tomorrow.,0,normal
1325,The project presentation is next week.,0,normal
1326,The assignment deadline is Friday.,0,normal
1327,Please submit your assignment before Friday.,0,normal
1328,The team meeting will start after lunch.,0,normal
1329,Please submit your assignment before Friday.,0,normal
1330,The college seminar starts at 11 AM.,0,normal
1331,The assignment deadline is Friday.,0,normal
1332,The project presentation is next week.,0,normal
1333,The assignment deadline is Friday.,0,normal
1334,Please attend the project meeting at 10 AM.,0,normal
1335,Please submit your assignment before Friday.,0,normal
1336,Please submit your assignment before Friday.,0,normal
1337,Your appointment is scheduled for tomorrow.,0,normal
1338,The project presentation is next week.,0,normal
1339,Please submit your assignment before Friday.,0,normal
1340,Can you share the project report?,0,normal
1341,Can you share the project report?,0,normal
1342,The college seminar starts at 11 AM.,0,normal
1343,Please submit your assignment before Friday.,0,normal
1344,The team meeting will start after lunch.,0,normal
1345,The assignment deadline is Friday.,0,normal
1346,Your appointment is scheduled for tomorrow.,0,normal
1347,The project presentation is next week.,0,normal
1348,The team meeting will start after lunch.,0,normal
1349,The assignment deadline is Friday.,0,normal
1350,Please submit your assignment before Friday.,0,normal
1351,The team meeting will start after lunch.,0,normal
1352,Please attend the project meeting at 10 AM.,0,normal
1353,The team meeting will start after lunch.,0,normal
1354,Can you share the project report?,0,normal
1355,Please submit your assignment before Friday.,0,normal
1356,Can you send me the class notes?,0,normal
1357,The team meeting will start after lunch.,0,normal
1358,The project presentation is next week.,0,normal
1359,Please attend the project meeting at 10 AM.,0,normal
1360,Please submit your assignment before Friday.,0,normal
1361,The team meeting will start after lunch.,0,normal
1362,Please review the attached project document.,0,normal
1363,Please attend the project meeting at 10 AM.,0,normal
1364,Can you send me the class notes?,0,normal
1365,Please review the attached project document.,0,normal
1366,Please attend the project meeting at 10 AM.,0,normal
1367,Your appointment is scheduled for tomorrow.,0,normal
1368,The project presentation is next week.,0,normal
1369,The assignment deadline is Friday.,0,normal
1370,Please attend the project meeting at 10 AM.,0,normal
1371,Can you send me the class notes?,0,normal
1372,The college seminar starts at 11 AM.,0,normal
1373,The assignment deadline is Friday.,0,normal
1374,Please submit your assignment before Friday.,0,normal
1375,Please attend the project meeting at 10 AM.,0,normal
1376,The assignment deadline is Friday.,0,normal
1377,The team meeting will start after lunch.,0,normal
1378,Please attend the project meeting at 10 AM.,0,normal
1379,Please review the attached project document.,0,normal
1380,Can you send me the class notes?,0,normal
1381,Can you share the project report?,0,normal
1382,Can you share the project report?,0,normal
1383,Can you send me the class notes?,0,normal
1384,The college seminar starts at 11 AM.,0,normal
1385,Can you send me the class notes?,0,normal
1386,The team meeting will start after lunch.,0,normal
1387,Can you send me the class notes?,0,normal
1388,Can you send me the class notes?,0,normal
1389,The assignment deadline is Friday.,0,normal
1390,Please submit your assignment before Friday.,0,normal
1391,Can you share the project report?,0,normal
1392,The college seminar starts at 11 AM.,0,normal
1393,The assignment deadline is Friday.,0,normal
1394,Can you share the project report?,0,normal
1395,Please submit your assignment before Friday.,0,normal
1396,Can you send me the class notes?,0,normal
1397,Please submit your assignment before Friday.,0,normal
1398,Can you share the project report?,0,normal
1399,Your appointment is scheduled for tomorrow.,0,normal
1400,Please attend the project meeting at 10 AM.,0,normal
1401,Please attend the project meeting at 10 AM.,0,normal
1402,Please review the attached project document.,0,normal
1403,The team meeting will start after lunch.,0,normal
1404,Please submit your assignment before Friday.,0,normal
1405,Can you send me the class notes?,0,normal
1406,Please submit your assignment before Friday.,0,normal
1407,Can you send me the class notes?,0,normal
1408,Your appointment is scheduled for tomorrow.,0,normal
1409,Your appointment is scheduled for tomorrow.,0,normal
1410,The team meeting will start after lunch.,0,normal
1411,The college seminar starts at 11 AM.,0,normal
1412,Can you share the project report?,0,normal
1413,Please review the attached project document.,0,normal
1414,Your appointment is scheduled for tomorrow.,0,normal
1415,The assignment deadline is Friday.,0,normal
1416,Please attend the project meeting at 10 AM.,0,normal
1417,Can you send me the class notes?,0,normal
1418,The project presentation is next week.,0,normal
1419,Please attend the project meeting at 10 AM.,0,normal
1420,Your appointment is scheduled for tomorrow.,0,normal
1421,Your appointment is scheduled for tomorrow.,0,normal
1422,The assignment deadline is Friday.,0,normal
1423,The assignment deadline is Friday.,0,normal
1424,The project presentation is next week.,0,normal
1425,Please attend the project meeting at 10 AM.,0,normal
1426,The team meeting will start after lunch.,0,normal
1427,The project presentation is next week.,0,normal
1428,Please attend the project meeting at 10 AM.,0,normal
1429,Your appointment is scheduled for tomorrow.,0,normal
1430,Please attend the project meeting at 10 AM.,0,normal
1431,Can you send me the class notes?,0,normal
1432,The team meeting will start after lunch.,0,normal
1433,Your appointment is scheduled for tomorrow.,0,normal
1434,Please submit your assignment before Friday.,0,normal
1435,Your appointment is scheduled for tomorrow.,0,normal
1436,Please attend the project meeting at 10 AM.,0,normal
1437,Can you share the project report?,0,normal
1438,Please submit your assignment before Friday.,0,normal
1439,Please review the attached project document.,0,normal
1440,Your appointment is scheduled for tomorrow.,0,normal
1441,The project presentation is next week.,0,normal
1442,The college seminar starts at 11 AM.,0,normal
1443,The project presentation is next week.,0,normal
1444,The project presentation is next week.,0,normal
1445,The college seminar starts at 11 AM.,0,normal
1446,Your appointment is scheduled for tomorrow.,0,normal
1447,Please review the attached project document.,0,normal
1448,Can you share the project report?,0,normal
1449,Please submit your assignment before Friday.,0,normal
1450,Your appointment is scheduled for tomorrow.,0,normal
1451,Can you send me the class notes?,0,normal
1452,Please review the attached project document.,0,normal
1453,Please review the attached project document.,0,normal
1454,Please attend the project meeting at 10 AM.,0,normal
1455,Please submit your assignment before Friday.,0,normal
1456,The project presentation is next week.,0,normal
1457,Can you share the project report?,0,normal
1458,Can you send me the class notes?,0,normal
1459,Please submit your assignment before Friday.,0,normal
1460,The team meeting will start after lunch.,0,normal
1461,Please attend the project meeting at 10 AM.,0,normal
1462,The college seminar starts at 11 AM.,0,normal
1463,Can you send me the class notes?,0,normal
1464,Please submit your assignment before Friday.,0,normal
1465,The college seminar starts at 11 AM.,0,normal
1466,Can you send me the class notes?,0,normal
1467,Can you send me the class notes?,0,normal
1468,Can you share the project report?,0,normal
1469,Please review the attached project document.,0,normal
1470,Can you send me the class notes?,0,normal
1471,Can you share the project report?,0,normal
1472,Please submit your assignment before Friday.,0,normal
1473,The team meeting will start after lunch.,0,normal
1474,Your appointment is scheduled for tomorrow.,0,normal
1475,Your appointment is scheduled for tomorrow.,0,normal
1476,Please review the attached project document.,0,normal
1477,Can you share the project report?,0,normal
1478,The team meeting will start after lunch.,0,normal
1479,Please attend the project meeting at 10 AM.,0,normal
1480,Please submit your assignment before Friday.,0,normal
1481,Can you send me the class notes?,0,normal
1482,Can you send me the class notes?,0,normal
1483,Please submit your assignment before Friday.,0,normal
1484,Please submit your assignment before Friday.,0,normal
1485,Can you share the project report?,0,normal
1486,Can you send me the class notes?,0,normal
1487,Your appointment is scheduled for tomorrow.,0,normal
1488,Please review the attached project document.,0,normal
1489,Your appointment is scheduled for tomorrow.,0,normal
1490,The college seminar starts at 11 AM.,0,normal
1491,The assignment deadline is Friday.,0,normal
1492,The team meeting will start after lunch.,0,normal
1493,The college seminar starts at 11 AM.,0,normal
1494,The assignment deadline is Friday.,0,normal
1495,Please submit your assignment before Friday.,0,normal
1496,Your appointment is scheduled for tomorrow.,0,normal
1497,Please attend the project meeting at 10 AM.,0,normal
1498,Please review the attached project document.,0,normal
1499,Can you send me the class notes?,0,normal
1500,The project presentation is next week.,0,normal
1501,The project presentation is next week.,0,normal
1502,Please attend the project meeting at 10 AM.,0,normal
1503,The assignment deadline is Friday.,0,normal
1504,Your appointment is scheduled for tomorrow.,0,normal
1505,The project presentation is next week.,0,normal
1506,Please submit your assignment before Friday.,0,normal
1507,Your appointment is scheduled for tomorrow.,0,normal
1508,The team meeting will start after lunch.,0,normal
1509,Your appointment is scheduled for tomorrow.,0,normal
1510,The college seminar starts at 11 AM.,0,normal
1511,Please review the attached project document.,0,normal
1512,Please attend the project meeting at 10 AM.,0,normal
1513,Your appointment is scheduled for tomorrow.,0,normal
1514,Your appointment is scheduled for tomorrow.,0,normal
1515,The assignment deadline is Friday.,0,normal
1516,The team meeting will start after lunch.,0,normal
1517,Your appointment is scheduled for tomorrow.,0,normal
1518,The project presentation is next week.,0,normal
1519,Your appointment is scheduled for tomorrow.,0,normal
1520,Can you send me the class notes?,0,normal
1521,Your appointment is scheduled for tomorrow.,0,normal
1522,Please submit your assignment before Friday.,0,normal
1523,The college seminar starts at 11 AM.,0,normal
1524,Please review the attached project document.,0,normal
1525,Can you send me the class notes?,0,normal
1526,The team meeting will start after lunch.,0,normal
1527,Please submit your assignment before Friday.,0,normal
1528,The college seminar starts at 11 AM.,0,normal
1529,Please review the attached project document.,0,normal
1530,Please review the attached project document.,0,normal
1531,The college seminar starts at 11 AM.,0,normal
1532,Please submit your assignment before Friday.,0,normal
1533,The team meeting will start after lunch.,0,normal
1534,The team meeting will start after lunch.,0,normal
1535,The assignment deadline is Friday.,0,normal
1536,The team meeting will start after lunch.,0,normal
1537,The college seminar starts at 11 AM.,0,normal
1538,Your appointment is scheduled for tomorrow.,0,normal
1539,The college seminar starts at 11 AM.,0,normal
1540,The college seminar starts at 11 AM.,0,normal
1541,Can you send me the class notes?,0,normal
1542,Please attend the project meeting at 10 AM.,0,normal
1543,The project presentation is next week.,0,normal
1544,Your appointment is scheduled for tomorrow.,0,normal
1545,Can you share the project report?,0,normal
1546,Please attend the project meeting at 10 AM.,0,normal
1547,Please review the attached project document.,0,normal
1548,Please submit your assignment before Friday.,0,normal
1549,The project presentation is next week.,0,normal
1550,The project presentation is next week.,0,normal
1551,Can you send me the class notes?,0,normal
1552,Please review the attached project document.,0,normal
1553,Can you share the project report?,0,normal
1554,Your appointment is scheduled for tomorrow.,0,normal
1555,The college seminar starts at 11 AM.,0,normal
1556,Your appointment is scheduled for tomorrow.,0,normal
1557,Can you send me the class notes?,0,normal
1558,The project presentation is next week.,0,normal
1559,Your appointment is scheduled for tomorrow.,0,normal
1560,The team meeting will start after lunch.,0,normal
1561,Please submit your assignment before Friday.,0,normal
1562,The college seminar starts at 11 AM.,0,normal
1563,Please review the attached project document.,0,normal
1564,The team meeting will start after lunch.,0,normal
1565,The team meeting will start after lunch.,0,normal
1566,The team meeting will start after lunch.,0,normal
1567,Can you share the project report?,0,normal
1568,The college seminar starts at 11 AM.,0,normal
1569,Can you share the project report?,0,normal
1570,Can you share the project report?,0,normal
1571,Please submit your assignment before Friday.,0,normal
1572,The team meeting will start after lunch.,0,normal
1573,Can you share the project report?,0,normal
1574,Please submit your assignment before Friday.,0,normal
1575,Please attend the project meeting at 10 AM.,0,normal
1576,Please submit your assignment before Friday.,0,normal
1577,Please attend the project meeting at 10 AM.,0,normal
1578,The assignment deadline is Friday.,0,normal
1579,Please attend the project meeting at 10 AM.,0,normal
1580,Please attend the project meeting at 10 AM.,0,normal
1581,Can you send me the class notes?,0,normal
1582,Can you share the project report?,0,normal
1583,Your appointment is scheduled for tomorrow.,0,normal
1584,The assignment deadline is Friday.,0,normal
1585,Can you share the project report?,0,normal
1586,Please attend the project meeting at 10 AM.,0,normal
1587,Your appointment is scheduled for tomorrow.,0,normal
1588,Please submit your assignment before Friday.,0,normal
1589,The team meeting will start after lunch.,0,normal
1590,The college seminar starts at 11 AM.,0,normal
1591,Please attend the project meeting at 10 AM.,0,normal
1592,The project presentation is next week.,0,normal
1593,The project presentation is next week.,0,normal
1594,The team meeting will start after lunch.,0,normal
1595,The team meeting will start after lunch.,0,normal
1596,Please attend the project meeting at 10 AM.,0,normal
1597,Please attend the project meeting at 10 AM.,0,normal
1598,Please submit your assignment before Friday.,0,normal
1599,Please submit your assignment before Friday.,0,normal
1600,Can you send me the class notes?,0,normal
1601,Please attend the project meeting at 10 AM.,0,normal
1602,Please attend the project meeting at 10 AM.,0,normal
1603,Please submit your assignment before Friday.,0,normal
1604,Please review the attached project document.,0,normal
1605,Please submit your assignment before Friday.,0,normal
1606,Please review the attached project document.,0,normal
1607,Please attend the project meeting at 10 AM.,0,normal
1608,Please submit your assignment before Friday.,0,normal
1609,Can you send me the class notes?,0,normal
1610,Can you share the project report?,0,normal
1611,The assignment deadline is Friday.,0,normal
1612,The assignment deadline is Friday.,0,normal
1613,Please submit your assignment before Friday.,0,normal
1614,Can you share the project report?,0,normal
1615,Your appointment is scheduled for tomorrow.,0,normal
1616,Your appointment is scheduled for tomorrow.,0,normal
1617,The project presentation is next week.,0,normal
1618,Please submit your assignment before Friday.,0,normal
1619,Please review the attached project document.,0,normal
1620,The college seminar starts at 11 AM.,0,normal
1621,Please review the attached project document.,0,normal
1622,Can you send me the class notes?,0,normal
1623,The assignment deadline is Friday.,0,normal
1624,The college seminar starts at 11 AM.,0,normal
1625,Can you send me the class notes?,0,normal
1626,The team meeting will start after lunch.,0,normal
1627,The project presentation is next week.,0,normal
1628,Your appointment is scheduled for tomorrow.,0,normal
1629,Your appointment is scheduled for tomorrow.,0,normal
1630,Please review the attached project document.,0,normal
1631,The assignment deadline is Friday.,0,normal
1632,Please attend the project meeting at 10 AM.,0,normal
1633,The assignment deadline is Friday.,0,normal
1634,Can you send me the class notes?,0,normal
1635,Can you send me the class notes?,0,normal
1636,Can you send me the class notes?,0,normal
1637,Please submit your assignment before Friday.,0,normal
1638,The team meeting will start after lunch.,0,normal
1639,Please attend the project meeting at 10 AM.,0,normal
1640,Please attend the project meeting at 10 AM.,0,normal
1641,Can you share the project report?,0,normal
1642,The assignment deadline is Friday.,0,normal
1643,The team meeting will start after lunch.,0,normal
1644,Can you send me the class notes?,0,normal
1645,The college seminar starts at 11 AM.,0,normal
1646,The project presentation is next week.,0,normal
1647,The assignment deadline is Friday.,0,normal
1648,Please submit your assignment before Friday.,0,normal
1649,Please attend the project meeting at 10 AM.,0,normal
1650,Your appointment is scheduled for tomorrow.,0,normal
1651,Your appointment is scheduled for tomorrow.,0,normal
1652,The project presentation is next week.,0,normal
1653,The team meeting will start after lunch.,0,normal
1654,Please review the attached project document.,0,normal
1655,Please attend the project meeting at 10 AM.,0,normal
1656,The assignment deadline is Friday.,0,normal
1657,Please review the attached project document.,0,normal
1658,Please submit your assignment before Friday.,0,normal
1659,The project presentation is next week.,0,normal
1660,Please attend the project meeting at 10 AM.,0,normal
1661,Can you share the project report?,0,normal
1662,The college seminar starts at 11 AM.,0,normal
1663,Please attend the project meeting at 10 AM.,0,normal
1664,Your appointment is scheduled for tomorrow.,0,normal
1665,The project presentation is next week.,0,normal
1666,Can you share the project report?,0,normal
1667,Can you send me the class notes?,0,normal
1668,The assignment deadline is Friday.,0,normal
1669,Please review the attached project document.,0,normal
1670,Can you share the project report?,0,normal
1671,The project presentation is next week.,0,normal
1672,Your appointment is scheduled for tomorrow.,0,normal
1673,The project presentation is next week.,0,normal
1674,Can you send me the class notes?,0,normal
1675,Please submit your assignment before Friday.,0,normal
1676,The college seminar starts at 11 AM.,0,normal
1677,Can you send me the class notes?,0,normal
1678,Can you share the project report?,0,normal
1679,The assignment deadline is Friday.,0,normal
1680,Please submit your assignment before Friday.,0,normal
1681,The college seminar starts at 11 AM.,0,normal
1682,Please attend the project meeting at 10 AM.,0,normal
1683,The assignment deadline is Friday.,0,normal
1684,Can you send me the class notes?,0,normal
1685,Your appointment is scheduled for tomorrow.,0,normal
1686,The assignment deadline is Friday.,0,normal
1687,The college seminar starts at 11 AM.,0,normal
1688,The project presentation is next week.,0,normal
1689,The project presentation is next week.,0,normal
1690,The project presentation is next week.,0,normal
1691,Can you send me the class notes?,0,normal
1692,The college seminar starts at 11 AM.,0,normal
1693,Please attend the project meeting at 10 AM.,0,normal
1694,Please review the attached project document.,0,normal
1695,The team meeting will start after lunch.,0,normal
1696,The team meeting will start after lunch.,0,normal
1697,Your appointment is scheduled for tomorrow.,0,normal
1698,The college seminar starts at 11 AM.,0,normal
1699,Please submit your assignment before Friday.,0,normal
1700,Can you send me the class notes?,0,normal
1701,Can you send me the class notes?,0,normal
1702,Can you share the project report?,0,normal
1703,The project presentation is next week.,0,normal
1704,Can you send me the class notes?,0,normal
1705,The assignment deadline is Friday.,0,normal
1706,The project presentation is next week.,0,normal
1707,Please review the attached project document.,0,normal
1708,Your appointment is scheduled for tomorrow.,0,normal
1709,The assignment deadline is Friday.,0,normal
1710,The assignment deadline is Friday.,0,normal
1711,Please review the attached project document.,0,normal
1712,Can you share the project report?,0,normal
1713,Can you send me the class notes?,0,normal
1714,Can you share the project report?,0,normal
1715,Can you send me the class notes?,0,normal
1716,The college seminar starts at 11 AM.,0,normal
1717,The college seminar starts at 11 AM.,0,normal
1718,The assignment deadline is Friday.,0,normal
1719,The assignment deadline is Friday.,0,normal
1720,Please attend the project meeting at 10 AM.,0,normal
1721,Please review the attached project document.,0,normal
1722,The team meeting will start after lunch.,0,normal
1723,The college seminar starts at 11 AM.,0,normal
1724,Please review the attached project document.,0,normal
1725,The assignment deadline is Friday.,0,normal
1726,Can you share the project report?,0,normal
1727,The assignment deadline is Friday.,0,normal
1728,Can you share the project report?,0,normal
1729,Can you send me the class notes?,0,normal
1730,The team meeting will start after lunch.,0,normal
1731,Please submit your assignment before Friday.,0,normal
1732,Please submit your assignment before Friday.,0,normal
1733,Please submit your assignment before Friday.,0,normal
1734,Can you send me the class notes?,0,normal
1735,The assignment deadline is Friday.,0,normal
1736,Please attend the project meeting at 10 AM.,0,normal
1737,The assignment deadline is Friday.,0,normal
1738,The college seminar starts at 11 AM.,0,normal
1739,Please submit your assignment before Friday.,0,normal
1740,The assignment deadline is Friday.,0,normal
1741,The project presentation is next week.,0,normal
1742,The project presentation is next week.,0,normal
1743,The college seminar starts at 11 AM.,0,normal
1744,Can you send me the class notes?,0,normal
1745,Please attend the project meeting at 10 AM.,0,normal
1746,Please review the attached project document.,0,normal
1747,Can you send me the class notes?,0,normal
1748,Can you send me the class notes?,0,normal
1749,The assignment deadline is Friday.,0,normal
1750,Please submit your assignment before Friday.,0,normal
1751,Your appointment is scheduled for tomorrow.,0,normal
1752,The project presentation is next week.,0,normal
1753,Please submit your assignment before Friday.,0,normal
1754,Can you share the project report?,0,normal
1755,Can you send me the class notes?,0,normal
1756,Can you share the project report?,0,normal
1757,Can you share the project report?,0,normal
1758,Please review the attached project document.,0,normal
1759,Please review the attached project document.,0,normal
1760,Please review the attached project document.,0,normal
1761,The team meeting will start after lunch.,0,normal
1762,Can you share the project report?,0,normal
1763,The assignment deadline is Friday.,0,normal
1764,Can you share the project report?,0,normal
1765,Can you send me the class notes?,0,normal
1766,Please review the attached project document.,0,normal
1767,Can you send me the class notes?,0,normal
1768,Please review the attached project document.,0,normal
1769,The team meeting will start after lunch.,0,normal
1770,The assignment deadline is Friday.,0,normal
1771,The college seminar starts at 11 AM.,0,normal
1772,Please review the attached project document.,0,normal
1773,Your appointment is scheduled for tomorrow.,0,normal
1774,The team meeting will start after lunch.,0,normal
1775,The project presentation is next week.,0,normal
1776,The project presentation is next week.,0,normal
1777,Your appointment is scheduled for tomorrow.,0,normal
1778,The team meeting will start after lunch.,0,normal
1779,The assignment deadline is Friday.,0,normal
1780,Can you share the project report?,0,normal
1781,Please review the attached project document.,0,normal
1782,Please attend the project meeting at 10 AM.,0,normal
1783,Can you send me the class notes?,0,normal
1784,The college seminar starts at 11 AM.,0,normal
1785,The project presentation is next week.,0,normal
1786,Can you send me the class notes?,0,normal
1787,The college seminar starts at 11 AM.,0,normal
1788,The team meeting will start after lunch.,0,normal
1789,The college seminar starts at 11 AM.,0,normal
1790,Can you send me the class notes?,0,normal
1791,The project presentation is next week.,0,normal
1792,Can you share the project report?,0,normal
1793,Please review the attached project document.,0,normal
1794,The college seminar starts at 11 AM.,0,normal
1795,The project presentation is next week.,0,normal
1796,Your appointment is scheduled for tomorrow.,0,normal
1797,The team meeting will start after lunch.,0,normal
1798,The college seminar starts at 11 AM.,0,normal
1799,Can you share the project report?,0,normal
1800,Can you send me the class notes?,0,normal
1801,The college seminar starts at 11 AM.,0,normal
1802,Please review the attached project document.,0,normal
1803,The team meeting will start after lunch.,0,normal
1804,The project presentation is next week.,0,normal
1805,Your appointment is scheduled for tomorrow.,0,normal
1806,The college seminar starts at 11 AM.,0,normal
1807,Can you send me the class notes?,0,normal
1808,Please review the attached project document.,0,normal
1809,Can you send me the class notes?,0,normal
1810,The college seminar starts at 11 AM.,0,normal
1811,The assignment deadline is Friday.,0,normal
1812,The project presentation is next week.,0,normal
1813,Your appointment is scheduled for tomorrow.,0,normal
1814,The project presentation is next week.,0,normal
1815,Please submit your assignment before Friday.,0,normal
1816,Can you share the project report?,0,normal
1817,Please submit your assignment before Friday.,0,normal
1818,Please attend the project meeting at 10 AM.,0,normal
1819,The team meeting will start after lunch.,0,normal
1820,Your appointment is scheduled for tomorrow.,0,normal
1821,The team meeting will start after lunch.,0,normal
1822,Please review the attached project document.,0,normal
1823,The assignment deadline is Friday.,0,normal
1824,Can you send me the class notes?,0,normal
1825,The team meeting will start after lunch.,0,normal
1826,Can you share the project report?,0,normal
1827,Please review the attached project document.,0,normal
1828,Your appointment is scheduled for tomorrow.,0,normal
1829,Please review the attached project document.,0,normal
1830,Can you share the project report?,0,normal
1831,Can you send me the class notes?,0,normal
1832,Can you send me the class notes?,0,normal
1833,The assignment deadline is Friday.,0,normal
1834,The team meeting will start after lunch.,0,normal
1835,The project presentation is next week.,0,normal
1836,The team meeting will start after lunch.,0,normal
1837,The project presentation is next week.,0,normal
1838,Can you send me the class notes?,0,normal
1839,Please submit your assignment before Friday.,0,normal
1840,Please submit your assignment before Friday.,0,normal
1841,Can you send me the class notes?,0,normal
1842,Please submit your assignment before Friday.,0,normal
1843,Please attend the project meeting at 10 AM.,0,normal
1844,The college seminar starts at 11 AM.,0,normal
1845,Please submit your assignment before Friday.,0,normal
1846,The project presentation is next week.,0,normal
1847,The assignment deadline is Friday.,0,normal
1848,The assignment deadline is Friday.,0,normal
1849,Your appointment is scheduled for tomorrow.,0,normal
1850,The college seminar starts at 11 AM.,0,normal
1851,Can you share the project report?,0,normal
1852,The project presentation is next week.,0,normal
1853,Please attend the project meeting at 10 AM.,0,normal
1854,The project presentation is next week.,0,normal
1855,Can you send me the class notes?,0,normal
1856,The college seminar starts at 11 AM.,0,normal
1857,Can you send me the class notes?,0,normal
1858,The assignment deadline is Friday.,0,normal
1859,Please attend the project meeting at 10 AM.,0,normal
1860,The assignment deadline is Friday.,0,normal
1861,Please review the attached project document.,0,normal
1862,Your appointment is scheduled for tomorrow.,0,normal
1863,Please submit your assignment before Friday.,0,normal
1864,Please submit your assignment before Friday.,0,normal
1865,Please submit your assignment before Friday.,0,normal
1866,The project presentation is next week.,0,normal
1867,The project presentation is next week.,0,normal
1868,Your appointment is scheduled for tomorrow.,0,normal
1869,The team meeting will start after lunch.,0,normal
1870,The college seminar starts at 11 AM.,0,normal
1871,Can you send me the class notes?,0,normal
1872,The team meeting will start after lunch.,0,normal
1873,The project presentation is next week.,0,normal
1874,Please submit your assignment before Friday.,0,normal
1875,Can you share the project report?,0,normal
1876,The college seminar starts at 11 AM.,0,normal
1877,Please attend the project meeting at 10 AM.,0,normal
1878,The team meeting will start after lunch.,0,normal
1879,The assignment deadline is Friday.,0,normal
1880,Please review the attached project document.,0,normal
1881,Can you send me the class notes?,0,normal
1882,The assignment deadline is Friday.,0,normal
1883,The assignment deadline is Friday.,0,normal
1884,Can you share the project report?,0,normal
1885,The college seminar starts at 11 AM.,0,normal
1886,Please review the attached project document.,0,normal
1887,The college seminar starts at 11 AM.,0,normal
1888,The team meeting will start after lunch.,0,normal
1889,Your appointment is scheduled for tomorrow.,0,normal
1890,Please submit your assignment before Friday.,0,normal
1891,The team meeting will start after lunch.,0,normal
1892,The college seminar starts at 11 AM.,0,normal
1893,The team meeting will start after lunch.,0,normal
1894,The assignment deadline is Friday.,0,normal
1895,The team meeting will start after lunch.,0,normal
1896,The team meeting will start after lunch.,0,normal
1897,The college seminar starts at 11 AM.,0,normal
1898,The assignment deadline is Friday.,0,normal
1899,Please review the attached project document.,0,normal
1900,Please attend the project meeting at 10 AM.,0,normal
1901,The assignment deadline is Friday.,0,normal
1902,Please attend the project meeting at 10 AM.,0,normal
1903,The college seminar starts at 11 AM.,0,normal
1904,The assignment deadline is Friday.,0,normal
1905,Can you share the project report?,0,normal
1906,Your appointment is scheduled for tomorrow.,0,normal
1907,Please submit your assignment before Friday.,0,normal
1908,Can you share the project report?,0,normal
1909,Please submit your assignment before Friday.,0,normal
1910,Can you share the project report?,0,normal
1911,The college seminar starts at 11 AM.,0,normal
1912,Please submit your assignment before Friday.,0,normal
1913,Can you send me the class notes?,0,normal
1914,The team meeting will start after lunch.,0,normal
1915,Your appointment is scheduled for tomorrow.,0,normal
1916,Can you send me the class notes?,0,normal
1917,Can you share the project report?,0,normal
1918,Can you share the project report?,0,normal
1919,Can you send me the class notes?,0,normal
1920,Can you send me the class notes?,0,normal
1921,Please attend the project meeting at 10 AM.,0,normal
1922,The project presentation is next week.,0,normal
1923,Your appointment is scheduled for tomorrow.,0,normal
1924,The team meeting will start after lunch.,0,normal
1925,The project presentation is next week.,0,normal
1926,Can you send me the class notes?,0,normal
1927,Can you send me the class notes?,0,normal
1928,Please attend the project meeting at 10 AM.,0,normal
1929,Your appointment is scheduled for tomorrow.,0,normal
1930,Your appointment is scheduled for tomorrow.,0,normal
1931,Please review the attached project document.,0,normal
1932,The assignment deadline is Friday.,0,normal
1933,The project presentation is next week.,0,normal
1934,The assignment deadline is Friday.,0,normal
1935,Please submit your assignment before Friday.,0,normal
1936,Can you share the project report?,0,normal
1937,The college seminar starts at 11 AM.,0,normal
1938,The college seminar starts at 11 AM.,0,normal
1939,Your appointment is scheduled for tomorrow.,0,normal
1940,The team meeting will start after lunch.,0,normal
1941,The assignment deadline is Friday.,0,normal
1942,Please review the attached project document.,0,normal
1943,The team meeting will start after lunch.,0,normal
1944,Please submit your assignment before Friday.,0,normal
1945,The college seminar starts at 11 AM.,0,normal
1946,The project presentation is next week.,0,normal
1947,Can you send me the class notes?,0,normal
1948,The project presentation is next week.,0,normal
1949,Can you send me the class notes?,0,normal
1950,The project presentation is next week.,0,normal
1951,The assignment deadline is Friday.,0,normal
1952,The college seminar starts at 11 AM.,0,normal
1953,The college seminar starts at 11 AM.,0,normal
1954,The team meeting will start after lunch.,0,normal
1955,The project presentation is next week.,0,normal
1956,Can you share the project report?,0,normal
1957,Please review the attached project document.,0,normal
1958,The project presentation is next week.,0,normal
1959,The project presentation is next week.,0,normal
1960,The assignment deadline is Friday.,0,normal
1961,Can you share the project report?,0,normal
1962,The college seminar starts at 11 AM.,0,normal
1963,The assignment deadline is Friday.,0,normal
1964,Your appointment is scheduled for tomorrow.,0,normal
1965,Please review the attached project document.,0,normal
1966,The assignment deadline is Friday.,0,normal
1967,Can you share the project report?,0,normal
1968,The college seminar starts at 11 AM.,0,normal
1969,Can you share the project report?,0,normal
1970,Please submit your assignment before Friday.,0,normal
1971,Can you send me the class notes?,0,normal
1972,Can you send me the class notes?,0,normal
1973,The project presentation is next week.,0,normal
1974,Can you share the project report?,0,normal
1975,The project presentation is next week.,0,normal
1976,Can you send me the class notes?,0,normal
1977,Can you send me the class notes?,0,normal
1978,Can you share the project report?,0,normal
1979,The team meeting will start after lunch.,0,normal
1980,Please submit your assignment before Friday.,0,normal
1981,Can you share the project report?,0,normal
1982,Please submit your assignment before Friday.,0,normal
1983,Can you share the project report?,0,normal
1984,The team meeting will start after lunch.,0,normal
1985,Please review the attached project document.,0,normal
1986,Can you share the project report?,0,normal
1987,Can you share the project report?,0,normal
1988,The college seminar starts at 11 AM.,0,normal
1989,The team meeting will start after lunch.,0,normal
1990,The project presentation is next week.,0,normal
1991,Please attend the project meeting at 10 AM.,0,normal
1992,The college seminar starts at 11 AM.,0,normal
1993,Please attend the project meeting at 10 AM.,0,normal
1994,The team meeting will start after lunch.,0,normal
1995,Can you share the project report?,0,normal
1996,Your appointment is scheduled for tomorrow.,0,normal
1997,Can you send me the class notes?,0,normal
1998,Please submit your assignment before Friday.,0,normal
1999,Please submit your assignment before Friday.,0,normal
2000,The team meeting will start after lunch.,0,normal
